dataset,species-common,species-latin,taxon,ppe,error,reference_taxon,region,state/province,continent,pub,model,weighting,use,notes
1,White pine,Pinus strobus,Pine,11.9,0.8,Sugar maple,Sylvania,Michigan,North America,Calcote 1995,ERV submodel 3,Prentice-Sugita,y,
1,"Yellow birch, paper birch","Betula alleghniensis, Betula papyrifera",Birch,9.4,0.7,Sugar maple,Sylvania,Michigan,North America,Calcote 1995,ERV submodel 3,Prentice-Sugita,y,
1,Red oak,Quercus borealis,Oak,14.6,8.1,Sugar maple,Sylvania,Michigan,North America,Calcote 1995,ERV submodel 3,Prentice-Sugita,y,
1,Eastern hemlock,Tsuga candensis,Hemlock,3.4,0,Sugar maple,Sylvania,Michigan,North America,Calcote 1995,ERV submodel 3,Prentice-Sugita,y,
1,Red maple,Acer rubrum,Maple,1.6,0.1,Sugar maple,Sylvania,Michigan,North America,Calcote 1995,ERV submodel 3,Prentice-Sugita,y,
1,Sugar maple,Acer saccharum,Maple,1,0.1,Sugar maple,Sylvania,Michigan,North America,Calcote 1995,ERV submodel 3,Prentice-Sugita,y,
1,Basswood,Tilia americana,Basswood,1.1,0.1,Sugar maple,Sylvania,Michigan,North America,Calcote 1995,ERV submodel 3,Prentice-Sugita,y,
2,White pine,Pinus strobus,Pine,12.8,0.9,Sugar maple,north-western Wisconsin,Wisconsin,North America,Calcote 1995,ERV submodel 3,Prentice-Sugita,y,
2,"Yellow birch, paper birch","Betula alleghniensis, Betula papyrifera",Birch,7.5,0.7,Sugar maple,north-western Wisconsin,Wisconsin,North America,Calcote 1995,ERV submodel 3,Prentice-Sugita,y,
2,Red oak,Quercus borealis,Oak,3.7,0,Sugar maple,north-western Wisconsin,Wisconsin,North America,Calcote 1995,ERV submodel 3,Prentice-Sugita,y,
2,Eastern hemlock,Tsuga candensis,Hemlock,5.4,0.5,Sugar maple,north-western Wisconsin,Wisconsin,North America,Calcote 1995,ERV submodel 3,Prentice-Sugita,y,
2,Red maple,Acer rubrum,Maple,1.2,0.2,Sugar maple,north-western Wisconsin,Wisconsin,North America,Calcote 1995,ERV submodel 3,Prentice-Sugita,y,
2,Sugar maple,Acer saccharum,Maple,1,0.1,Sugar maple,north-western Wisconsin,Wisconsin,North America,Calcote 1995,ERV submodel 3,Prentice-Sugita,y,
2,Basswood,Tilia americana,Basswood,0.8,0.1,Sugar maple,north-western Wisconsin,Wisconsin,North America,Calcote 1995,ERV submodel 3,Prentice-Sugita,y,
3,,Ambrosia,Ambrosia,3.52,0.81,Grass,Flint Hills,Kansas,North America,Commerford 2013,ERV submodel 1,Prentice-Sugita,n,"After a quick pass it was unclear what the distance weighting was, but I am sure they did. Revisit paper to dig for this!"
3,,Artemisia,Artemisia,1.25,0.43,Grass,Flint Hills,Kansas,North America,Commerford 2013,ERV submodel 1,Prentice-Sugita,n,
3,,Asteraceae,Asters,0.87,0.2,Grass,Flint Hills,Kansas,North America,Commerford 2013,ERV submodel 1,Prentice-Sugita,n,
3,,Chenopodiaceae,Chenopods,35.04,11.86,Grass,Flint Hills,Kansas,North America,Commerford 2013,ERV submodel 1,Prentice-Sugita,n,
3,Grass,Fabaceae,Pea,0.02,0.02,Grass,Flint Hills,Kansas,North America,Commerford 2013,ERV submodel 1,Prentice-Sugita,n,
3,,Poaceae,Grass,1,0,Grass,Flint Hills,Kansas,North America,Commerford 2013,ERV submodel 1,Prentice-Sugita,n,
3,,Cornus,Dogwood,0.89,0.18,Grass,Flint Hills,Kansas,North America,Commerford 2013,ERV submodel 1,Prentice-Sugita,n,
3,,Juniperus virginiana,Cedar,17.01,1.72,Grass,Flint Hills,Kansas,North America,Commerford 2013,ERV submodel 1,Prentice-Sugita,n,
3,,Maclura,Mulberry,0.17,0.34,Grass,Flint Hills,Kansas,North America,Commerford 2013,ERV submodel 1,Prentice-Sugita,n,
3,,Populus deltoides,Poplar,0.87,0.23,Grass,Flint Hills,Kansas,North America,Commerford 2013,ERV submodel 1,Prentice-Sugita,n,
3,,Quercus macrocarpa,Oak,0.91,0.23,Grass,Flint Hills,Kansas,North America,Commerford 2013,ERV submodel 1,Prentice-Sugita,n,
3,,Salix,Willow,2.52,0.51,Grass,Flint Hills,Kansas,North America,Commerford 2013,ERV submodel 1,Prentice-Sugita,n,
4,,Ambrosia,Ambrosia,1.36,0.36,Grass,Flint Hills,Kansas,North America,Commerford 2013,ERV submodel 3,Prentice-Sugita,y,
4,,Artemisia,Artemisia,1.35,0.24,Grass,Flint Hills,Kansas,North America,Commerford 2013,ERV submodel 3,Prentice-Sugita,y,
4,,Asteraceae,Asters,0.37,0.16,Grass,Flint Hills,Kansas,North America,Commerford 2013,ERV submodel 3,Prentice-Sugita,y,
4,,Chenopodiaceae,Chenopods,0.52,1.17,Grass,Flint Hills,Kansas,North America,Commerford 2013,ERV submodel 3,Prentice-Sugita,y,
4,,Fabaceae,Pea,0.02,0.02,Grass,Flint Hills,Kansas,North America,Commerford 2013,ERV submodel 3,Prentice-Sugita,y,
4,Grass,Poaceae,Grass,1,0,Grass,Flint Hills,Kansas,North America,Commerford 2013,ERV submodel 3,Prentice-Sugita,y,
4,,Cornus,Dogwood,1.72,0.14,Grass,Flint Hills,Kansas,North America,Commerford 2013,ERV submodel 3,Prentice-Sugita,y,
4,,Juniperus virginiana,Cedar,20.67,1.54,Grass,Flint Hills,Kansas,North America,Commerford 2013,ERV submodel 3,Prentice-Sugita,y,
4,,Maclura,Mulberry,1.1,0.55,Grass,Flint Hills,Kansas,North America,Commerford 2013,ERV submodel 3,Prentice-Sugita,y,
4,,Populus deltoides,Poplar,1.23,0.17,Grass,Flint Hills,Kansas,North America,Commerford 2013,ERV submodel 3,Prentice-Sugita,y,
4,,Quercus macrocarpa,Oak,2.08,0.43,Grass,Flint Hills,Kansas,North America,Commerford 2013,ERV submodel 3,Prentice-Sugita,y,
4,,Salix,Willow,6.02,0.75,Grass,Flint Hills,Kansas,North America,Commerford 2013,ERV submodel 3,Prentice-Sugita,y,
5,,Picea,Spruce,0.16,,No reference,Lower Michigan,Michigan,North America,Prentice 1986,ERV model 1,inverse distance,y,
5,,Abies,Fir,0.03,,No reference,Lower Michigan,Michigan,North America,Prentice 1986,ERV model 1,inverse distance,y,
5,,Larix,Larch,NA,,No reference,Lower Michigan,Michigan,North America,Prentice 1986,ERV model 1,inverse distance,y,
5,,Cupressaceae,Cypress,0.03,,No reference,Lower Michigan,Michigan,North America,Prentice 1986,ERV model 1,inverse distance,y,
5,,Pinus,Pine,4.08,,No reference,Lower Michigan,Michigan,North America,Prentice 1986,ERV model 1,inverse distance,y,
5,,Betula,Birch,0.65,,No reference,Lower Michigan,Michigan,North America,Prentice 1986,ERV model 1,inverse distance,y,
5,,Populus deltoides,Poplar,NA,,No reference,Lower Michigan,Michigan,North America,Prentice 1986,ERV model 1,inverse distance,y,
5,,Fraxinus,Ash,0.15,,No reference,Lower Michigan,Michigan,North America,Prentice 1986,ERV model 1,inverse distance,y,
5,,Quercus,Oak,1.34,,No reference,Lower Michigan,Michigan,North America,Prentice 1986,ERV model 1,inverse distance,y,
5,,Ulmus,Elm,0.15,,No reference,Lower Michigan,Michigan,North America,Prentice 1986,ERV model 1,inverse distance,y,
5,,Acer,Maple,0.03,,No reference,Lower Michigan,Michigan,North America,Prentice 1986,ERV model 1,inverse distance,y,
5,,Tilia,Basswood,0.01,,No reference,Lower Michigan,Michigan,North America,Prentice 1986,ERV model 1,inverse distance,y,
5,,Juglans,Walnut,1.45,,No reference,Lower Michigan,Michigan,North America,Prentice 1986,ERV model 1,inverse distance,y,
5,,Carya,Hickory,0.33,,No reference,Lower Michigan,Michigan,North America,Prentice 1986,ERV model 1,inverse distance,y,
5,,Tsuga,Hemlock,1.88,,No reference,Lower Michigan,Michigan,North America,Prentice 1986,ERV model 1,inverse distance,y,
5,,Fagus,Beech,0.3,,No reference,Lower Michigan,Michigan,North America,Prentice 1986,ERV model 1,inverse distance,y,
6,,Picea,Spruce,0.24,,No reference,Lower Michigan,Michigan,North America,Prentice 1986,ERV model 2,inverse distance,y,
6,,Abies,Fir,0.05,,No reference,Lower Michigan,Michigan,North America,Prentice 1986,ERV model 2,inverse distance,y,
6,,Larix,Larch,NA,,No reference,Lower Michigan,Michigan,North America,Prentice 1986,ERV model 2,inverse distance,y,
6,,Cupressaceae,Cypress,0.04,,No reference,Lower Michigan,Michigan,North America,Prentice 1986,ERV model 2,inverse distance,y,
6,,Pinus,Pine,2.77,,No reference,Lower Michigan,Michigan,North America,Prentice 1986,ERV model 2,inverse distance,y,
6,,Betula,Birch,0.74,,No reference,Lower Michigan,Michigan,North America,Prentice 1986,ERV model 2,inverse distance,y,
6,,Populus deltoides,Poplar,NA,,No reference,Lower Michigan,Michigan,North America,Prentice 1986,ERV model 2,inverse distance,y,
6,,Fraxinus,Ash,0.32,,No reference,Lower Michigan,Michigan,North America,Prentice 1986,ERV model 2,inverse distance,y,
6,,Quercus,Oak,1.5,,No reference,Lower Michigan,Michigan,North America,Prentice 1986,ERV model 2,inverse distance,y,
6,,Ulmus,Elm,0.26,,No reference,Lower Michigan,Michigan,North America,Prentice 1986,ERV model 2,inverse distance,y,
6,,Acer,Maple,0.04,,No reference,Lower Michigan,Michigan,North America,Prentice 1986,ERV model 2,inverse distance,y,
6,,Tilia,Basswood,0.02,,No reference,Lower Michigan,Michigan,North America,Prentice 1986,ERV model 2,inverse distance,y,
6,,Juglans,Walnut,1.57,,No reference,Lower Michigan,Michigan,North America,Prentice 1986,ERV model 2,inverse distance,y,
6,,Carya,Hickory,0.41,,No reference,Lower Michigan,Michigan,North America,Prentice 1986,ERV model 2,inverse distance,y,
6,,Tsuga,Hemlock,2.63,,No reference,Lower Michigan,Michigan,North America,Prentice 1986,ERV model 2,inverse distance,y,
6,,Fagus,Beech,0.43,,No reference,Lower Michigan,Michigan,North America,Prentice 1986,ERV model 2,inverse distance,y,
7,,Picea,Spruce,0.25,,No reference,Wisconsin - Upper Michigan,Wisconsin - Upper Michigan,North America,Prentice 1986,ERV model 1,inverse distance,y,
7,,Abies,Fir,0.05,,No reference,Wisconsin - Upper Michigan,Wisconsin - Upper Michigan,North America,Prentice 1986,ERV model 1,inverse distance,y,
7,,Larix,Larch,0.09,,No reference,Wisconsin - Upper Michigan,Wisconsin - Upper Michigan,North America,Prentice 1986,ERV model 1,inverse distance,y,
7,,Cupressaceae,Cypress,0.15,,No reference,Wisconsin - Upper Michigan,Wisconsin - Upper Michigan,North America,Prentice 1986,ERV model 1,inverse distance,y,
7,,Pinus,Pine,3.21,,No reference,Wisconsin - Upper Michigan,Wisconsin - Upper Michigan,North America,Prentice 1986,ERV model 1,inverse distance,y,
7,,Betula,Birch,1.66,,No reference,Wisconsin - Upper Michigan,Wisconsin - Upper Michigan,North America,Prentice 1986,ERV model 1,inverse distance,y,
7,,Populus deltoides,Poplar,0.03,,No reference,Wisconsin - Upper Michigan,Wisconsin - Upper Michigan,North America,Prentice 1986,ERV model 1,inverse distance,y,
7,,Fraxinus,Ash,0.09,,No reference,Wisconsin - Upper Michigan,Wisconsin - Upper Michigan,North America,Prentice 1986,ERV model 1,inverse distance,y,
7,,Quercus,Oak,1.81,,No reference,Wisconsin - Upper Michigan,Wisconsin - Upper Michigan,North America,Prentice 1986,ERV model 1,inverse distance,y,
7,,Ulmus,Elm,0.25,,No reference,Wisconsin - Upper Michigan,Wisconsin - Upper Michigan,North America,Prentice 1986,ERV model 1,inverse distance,y,
7,,Acer,Maple,0.03,,No reference,Wisconsin - Upper Michigan,Wisconsin - Upper Michigan,North America,Prentice 1986,ERV model 1,inverse distance,y,
7,,Tilia,Basswood,0.02,,No reference,Wisconsin - Upper Michigan,Wisconsin - Upper Michigan,North America,Prentice 1986,ERV model 1,inverse distance,y,
7,,Juglans,Walnut,1.44,,No reference,Wisconsin - Upper Michigan,Wisconsin - Upper Michigan,North America,Prentice 1986,ERV model 1,inverse distance,y,
7,,Carya,Hickory,0.63,,No reference,Wisconsin - Upper Michigan,Wisconsin - Upper Michigan,North America,Prentice 1986,ERV model 1,inverse distance,y,
7,,Tsuga,Hemlock,0.96,,No reference,Wisconsin - Upper Michigan,Wisconsin - Upper Michigan,North America,Prentice 1986,ERV model 1,inverse distance,y,
7,,Fagus,Beech,0.19,,No reference,Wisconsin - Upper Michigan,Wisconsin - Upper Michigan,North America,Prentice 1986,ERV model 1,inverse distance,y,
8,,Picea,Spruce,0.26,,No reference,Wisconsin - Upper Michigan,Wisconsin - Upper Michigan,North America,Prentice 1986,ERV model 2,inverse distance,y,
8,,Abies,Fir,0.05,,No reference,Wisconsin - Upper Michigan,Wisconsin - Upper Michigan,North America,Prentice 1986,ERV model 2,inverse distance,y,
8,,Larix,Larch,0.08,,No reference,Wisconsin - Upper Michigan,Wisconsin - Upper Michigan,North America,Prentice 1986,ERV model 2,inverse distance,y,
8,,Cupressaceae,Cypress,0.13,,No reference,Wisconsin - Upper Michigan,Wisconsin - Upper Michigan,North America,Prentice 1986,ERV model 2,inverse distance,y,
8,,Pinus,Pine,2.27,,No reference,Wisconsin - Upper Michigan,Wisconsin - Upper Michigan,North America,Prentice 1986,ERV model 2,inverse distance,y,
8,,Betula,Birch,1.57,,No reference,Wisconsin - Upper Michigan,Wisconsin - Upper Michigan,North America,Prentice 1986,ERV model 2,inverse distance,y,
8,,Populus deltoides,Poplar,0.03,,No reference,Wisconsin - Upper Michigan,Wisconsin - Upper Michigan,North America,Prentice 1986,ERV model 2,inverse distance,y,
8,,Fraxinus,Ash,0.12,,No reference,Wisconsin - Upper Michigan,Wisconsin - Upper Michigan,North America,Prentice 1986,ERV model 2,inverse distance,y,
8,,Quercus,Oak,1.8,,No reference,Wisconsin - Upper Michigan,Wisconsin - Upper Michigan,North America,Prentice 1986,ERV model 2,inverse distance,y,
8,,Ulmus,Elm,0.56,,No reference,Wisconsin - Upper Michigan,Wisconsin - Upper Michigan,North America,Prentice 1986,ERV model 2,inverse distance,y,
8,,Acer,Maple,0.01,,No reference,Wisconsin - Upper Michigan,Wisconsin - Upper Michigan,North America,Prentice 1986,ERV model 2,inverse distance,y,
8,,Tilia,Basswood,0.07,,No reference,Wisconsin - Upper Michigan,Wisconsin - Upper Michigan,North America,Prentice 1986,ERV model 2,inverse distance,y,
8,,Juglans,Walnut,1.61,,No reference,Wisconsin - Upper Michigan,Wisconsin - Upper Michigan,North America,Prentice 1986,ERV model 2,inverse distance,y,
8,,Carya,Hickory,0.7,,No reference,Wisconsin - Upper Michigan,Wisconsin - Upper Michigan,North America,Prentice 1986,ERV model 2,inverse distance,y,
8,,Tsuga,Hemlock,0.86,,No reference,Wisconsin - Upper Michigan,Wisconsin - Upper Michigan,North America,Prentice 1986,ERV model 2,inverse distance,y,
8,,Fagus,Beech,0.27,,No reference,Wisconsin - Upper Michigan,Wisconsin - Upper Michigan,North America,Prentice 1986,ERV model 2,inverse distance,y,
9,,Picea,Spruce,0.18,,No reference,MOD - Wisconsin - Upper Michigan,Wisconsin - Upper Michigan,North America,Prentice 1986,ERV model 1,inverse distance,n,
9,,Abies,Fir,0.02,,No reference,MOD - Wisconsin - Upper Michigan,Wisconsin - Upper Michigan,North America,Prentice 1986,ERV model 1,inverse distance,n,
9,,Larix,Larch,0.05,,No reference,MOD - Wisconsin - Upper Michigan,Wisconsin - Upper Michigan,North America,Prentice 1986,ERV model 1,inverse distance,n,
9,,Cupressaceae,Cypress,0.16,,No reference,MOD - Wisconsin - Upper Michigan,Wisconsin - Upper Michigan,North America,Prentice 1986,ERV model 1,inverse distance,n,
9,,Pinus,Pine,5.38,,No reference,MOD - Wisconsin - Upper Michigan,Wisconsin - Upper Michigan,North America,Prentice 1986,ERV model 1,inverse distance,n,
9,,Betula,Birch,0.86,,No reference,MOD - Wisconsin - Upper Michigan,Wisconsin - Upper Michigan,North America,Prentice 1986,ERV model 1,inverse distance,n,
9,,Populus deltoides,Poplar,0.01,,No reference,MOD - Wisconsin - Upper Michigan,Wisconsin - Upper Michigan,North America,Prentice 1986,ERV model 1,inverse distance,n,
9,,Fraxinus,Ash,0.06,,No reference,MOD - Wisconsin - Upper Michigan,Wisconsin - Upper Michigan,North America,Prentice 1986,ERV model 1,inverse distance,n,
9,,Quercus,Oak,1.99,,No reference,MOD - Wisconsin - Upper Michigan,Wisconsin - Upper Michigan,North America,Prentice 1986,ERV model 1,inverse distance,n,
9,,Ulmus,Elm,0.18,,No reference,MOD - Wisconsin - Upper Michigan,Wisconsin - Upper Michigan,North America,Prentice 1986,ERV model 1,inverse distance,n,
9,,Acer,Maple,0.01,,No reference,MOD - Wisconsin - Upper Michigan,Wisconsin - Upper Michigan,North America,Prentice 1986,ERV model 1,inverse distance,n,
9,,Tilia,Basswood,0,,No reference,MOD - Wisconsin - Upper Michigan,Wisconsin - Upper Michigan,North America,Prentice 1986,ERV model 1,inverse distance,n,
9,,Juglans,Walnut,0.38,,No reference,MOD - Wisconsin - Upper Michigan,Wisconsin - Upper Michigan,North America,Prentice 1986,ERV model 1,inverse distance,n,
9,,Carya,Hickory,0.38,,No reference,MOD - Wisconsin - Upper Michigan,Wisconsin - Upper Michigan,North America,Prentice 1986,ERV model 1,inverse distance,n,
9,,Tsuga,Hemlock,1.18,,No reference,MOD - Wisconsin - Upper Michigan,Wisconsin - Upper Michigan,North America,Prentice 1986,ERV model 1,inverse distance,n,
9,,Fagus,Beech,0.25,,No reference,MOD - Wisconsin - Upper Michigan,Wisconsin - Upper Michigan,North America,Prentice 1986,ERV model 1,inverse distance,n,
10,,Picea,Spruce,0.22,,No reference,MOD - Wisconsin - Upper Michigan,Wisconsin - Upper Michigan,North America,Prentice 1986,ERV model 2,inverse distance,n,
10,,Abies,Fir,0.03,,No reference,MOD - Wisconsin - Upper Michigan,Wisconsin - Upper Michigan,North America,Prentice 1986,ERV model 2,inverse distance,n,
10,,Larix,Larch,NA,,No reference,MOD - Wisconsin - Upper Michigan,Wisconsin - Upper Michigan,North America,Prentice 1986,ERV model 2,inverse distance,n,
10,,Cupressaceae,Cypress,0.13,,No reference,MOD - Wisconsin - Upper Michigan,Wisconsin - Upper Michigan,North America,Prentice 1986,ERV model 2,inverse distance,n,
10,,Pinus,Pine,2.22,,No reference,MOD - Wisconsin - Upper Michigan,Wisconsin - Upper Michigan,North America,Prentice 1986,ERV model 2,inverse distance,n,
10,,Betula,Birch,0.97,,No reference,MOD - Wisconsin - Upper Michigan,Wisconsin - Upper Michigan,North America,Prentice 1986,ERV model 2,inverse distance,n,
10,,Populus deltoides,Poplar,0.03,,No reference,MOD - Wisconsin - Upper Michigan,Wisconsin - Upper Michigan,North America,Prentice 1986,ERV model 2,inverse distance,n,
10,,Fraxinus,Ash,0.12,,No reference,MOD - Wisconsin - Upper Michigan,Wisconsin - Upper Michigan,North America,Prentice 1986,ERV model 2,inverse distance,n,
10,,Quercus,Oak,2.1,,No reference,MOD - Wisconsin - Upper Michigan,Wisconsin - Upper Michigan,North America,Prentice 1986,ERV model 2,inverse distance,n,
10,,Ulmus,Elm,0.53,,No reference,MOD - Wisconsin - Upper Michigan,Wisconsin - Upper Michigan,North America,Prentice 1986,ERV model 2,inverse distance,n,
10,,Acer,Maple,0,,No reference,MOD - Wisconsin - Upper Michigan,Wisconsin - Upper Michigan,North America,Prentice 1986,ERV model 2,inverse distance,n,
10,,Tilia,Basswood,0.08,,No reference,MOD - Wisconsin - Upper Michigan,Wisconsin - Upper Michigan,North America,Prentice 1986,ERV model 2,inverse distance,n,
10,,Juglans,Walnut,0.64,,No reference,MOD - Wisconsin - Upper Michigan,Wisconsin - Upper Michigan,North America,Prentice 1986,ERV model 2,inverse distance,n,
10,,Carya,Hickory,0.47,,No reference,MOD - Wisconsin - Upper Michigan,Wisconsin - Upper Michigan,North America,Prentice 1986,ERV model 2,inverse distance,n,
10,,Tsuga,Hemlock,1.65,,No reference,MOD - Wisconsin - Upper Michigan,Wisconsin - Upper Michigan,North America,Prentice 1986,ERV model 2,inverse distance,n,
10,,Fagus,Beech,0.3,,No reference,MOD - Wisconsin - Upper Michigan,Wisconsin - Upper Michigan,North America,Prentice 1986,ERV model 2,inverse distance,n,
11,,Pinus,Pine,1.14,,No reference,Fish Creek,New York,North America,Jackson 1998,ERV model 1,inverse square distance,y,
11,,Betula,Birch,0.17,,No reference,Fish Creek,New York,North America,Jackson 1998,ERV model 1,inverse square distance,y,
11,,Tsuga,Hemlock,0.86,,No reference,Fish Creek,New York,North America,Jackson 1998,ERV model 1,inverse square distance,y,
11,,Fagus,Beech,0.19,,No reference,Fish Creek,New York,North America,Jackson 1998,ERV model 1,inverse square distance,y,
11,,Quercus,Oak,NA,,No reference,Fish Creek,New York,North America,Jackson 1998,ERV model 1,inverse square distance,y,
11,,Acer,Maple,0.02,,No reference,Fish Creek,New York,North America,Jackson 1998,ERV model 1,inverse square distance,y,
11,,Picea,Spruce,0.07,,No reference,Fish Creek,New York,North America,Jackson 1998,ERV model 1,inverse square distance,y,
12,,Pinus,Pine,0.39,,No reference,Eastern Adirondack,New York,North America,Jackson 1998,ERV model 1,inverse square distance,y,
12,,Betula,Birch,0.04,,No reference,Eastern Adirondack,New York,North America,Jackson 1998,ERV model 1,inverse square distance,y,
12,,Tsuga,Hemlock,0.43,,No reference,Eastern Adirondack,New York,North America,Jackson 1998,ERV model 1,inverse square distance,y,
12,,Fagus,Beech,0.14,,No reference,Eastern Adirondack,New York,North America,Jackson 1998,ERV model 1,inverse square distance,y,
12,,Quercus,Oak,0.58,,No reference,Eastern Adirondack,New York,North America,Jackson 1998,ERV model 1,inverse square distance,y,
12,,Acer,Maple,0.02,,No reference,Eastern Adirondack,New York,North America,Jackson 1998,ERV model 1,inverse square distance,y,
12,,Picea,Spruce,NA,,No reference,Eastern Adirondack,New York,North America,Jackson 1998,ERV model 1,inverse square distance,y,
13,,Pinus,Pine,0.75,,No reference,Fish Creek,New York,North America,Jackson 1998,ERV model 2,inverse square distance,y,
13,,Betula,Birch,0.3,,No reference,Fish Creek,New York,North America,Jackson 1998,ERV model 2,inverse square distance,y,
13,,Tsuga,Hemlock,0.79,,No reference,Fish Creek,New York,North America,Jackson 1998,ERV model 2,inverse square distance,y,
13,,Fagus,Beech,0.35,,No reference,Fish Creek,New York,North America,Jackson 1998,ERV model 2,inverse square distance,y,
13,,Quercus,Oak,NA,,No reference,Fish Creek,New York,North America,Jackson 1998,ERV model 2,inverse square distance,y,
13,,Acer,Maple,0.02,,No reference,Fish Creek,New York,North America,Jackson 1998,ERV model 2,inverse square distance,y,
13,,Picea,Spruce,0.21,,No reference,Fish Creek,New York,North America,Jackson 1998,ERV model 2,inverse square distance,y,
14,,Pinus,Pine,0.66,,No reference,Eastern Adirondack,New York,North America,Jackson 1998,ERV model 2,inverse square distance,y,
14,,Betula,Birch,0.32,,No reference,Eastern Adirondack,New York,North America,Jackson 1998,ERV model 2,inverse square distance,y,
14,,Tsuga,Hemlock,0.69,,No reference,Eastern Adirondack,New York,North America,Jackson 1998,ERV model 2,inverse square distance,y,
14,,Fagus,Beech,0.18,,No reference,Eastern Adirondack,New York,North America,Jackson 1998,ERV model 2,inverse square distance,y,
14,,Quercus,Oak,0.24,,No reference,Eastern Adirondack,New York,North America,Jackson 1998,ERV model 2,inverse square distance,y,
14,,Acer,Maple,0.02,,No reference,Eastern Adirondack,New York,North America,Jackson 1998,ERV model 2,inverse square distance,y,
14,,Picea,Spruce,NA,,No reference,Eastern Adirondack,New York,North America,Jackson 1998,ERV model 2,inverse square distance,y,
15,,Pinus,Pine,3.66,0.26,No reference,Wisconsin - Upper Michigan,Wisconsin - Upper Michigan,North America,Bradshaw 1985,Linear regression,none?,n,
15,,Tsuga,Hemlock,1.62,0.11,No reference,Wisconsin - Upper Michigan,Wisconsin - Upper Michigan,North America,Bradshaw 1985,Linear regression,none?,n,
15,,Betula,Birch,3.24,0.19,No reference,Wisconsin - Upper Michigan,Wisconsin - Upper Michigan,North America,Bradshaw 1985,Linear regression,none?,n,
15,,Quercus,Oak,1.2,0.04,No reference,Wisconsin - Upper Michigan,Wisconsin - Upper Michigan,North America,Bradshaw 1985,Linear regression,none?,n,
15,,Ulmus,Elm,0.72,0.04,No reference,Wisconsin - Upper Michigan,Wisconsin - Upper Michigan,North America,Bradshaw 1985,Linear regression,none?,n,
15,,Picea,Spruce,0.57,0.04,No reference,Wisconsin - Upper Michigan,Wisconsin - Upper Michigan,North America,Bradshaw 1985,Linear regression,none?,n,
15,,Fagus,Beech,0.52,0.03,No reference,Wisconsin - Upper Michigan,Wisconsin - Upper Michigan,North America,Bradshaw 1985,Linear regression,none?,n,
15,,Carya,Hickory,0.55,0.03,No reference,Wisconsin - Upper Michigan,Wisconsin - Upper Michigan,North America,Bradshaw 1985,Linear regression,none?,n,
15,,Fraxinus,Ash,0.29,0.02,No reference,Wisconsin - Upper Michigan,Wisconsin - Upper Michigan,North America,Bradshaw 1985,Linear regression,none?,n,
15,,Acer,Maple,0.16,0.01,No reference,Wisconsin - Upper Michigan,Wisconsin - Upper Michigan,North America,Bradshaw 1985,Linear regression,none?,n,
15,,Abies,Fir,0.13,0.01,No reference,Wisconsin - Upper Michigan,Wisconsin - Upper Michigan,North America,Bradshaw 1985,Linear regression,none?,n,
16,,Pinus,Pine,2.9,0.33,No reference,Lower Michigan,Lower Michigan,North America,Bradshaw 1985,Linear regression,none?,n,
16,,Tsuga,Hemlock,3.95,0.4,No reference,Lower Michigan,Lower Michigan,North America,Bradshaw 1985,Linear regression,none?,n,
16,,Betula,Birch,1.6,0.17,No reference,Lower Michigan,Lower Michigan,North America,Bradshaw 1985,Linear regression,none?,n,
16,,Quercus,Oak,1.4,0.12,No reference,Lower Michigan,Lower Michigan,North America,Bradshaw 1985,Linear regression,none?,n,
16,,Ulmus,Elm,0.86,0.09,No reference,Lower Michigan,Lower Michigan,North America,Bradshaw 1985,Linear regression,none?,n,
16,,Picea,Spruce,0.52,0.06,No reference,Lower Michigan,Lower Michigan,North America,Bradshaw 1985,Linear regression,none?,n,
16,,Fagus,Beech,1.5,0.17,No reference,Lower Michigan,Lower Michigan,North America,Bradshaw 1985,Linear regression,none?,n,
16,,Carya,Hickory,0.45,0.04,No reference,Lower Michigan,Lower Michigan,North America,Bradshaw 1985,Linear regression,none?,n,
16,,Fraxinus,Ash,0.66,0.07,No reference,Lower Michigan,Lower Michigan,North America,Bradshaw 1985,Linear regression,none?,n,
16,,Acer,Maple,0.24,0.03,No reference,Lower Michigan,Lower Michigan,North America,Bradshaw 1985,Linear regression,none?,n,
16,,Abies,Fir,0.11,0.01,No reference,Lower Michigan,Lower Michigan,North America,Bradshaw 1985,Linear regression,none?,n,
17,,Pinus,Pine,1.07,0.11,No reference,Menominee Indian Reservation,Wisconsin,North America,Bradshaw 1985,Linear regression,none?,n,
17,,Betula,Hemlock,1.92,0.08,No reference,Menominee Indian Reservation,Wisconsin,North America,Bradshaw 1985,Linear regression,none?,n,
17,,Tsuga,Birch,0.92,0.21,No reference,Menominee Indian Reservation,Wisconsin,North America,Bradshaw 1985,Linear regression,none?,n,
17,,Quercus,Oak,0.42,0.04,No reference,Menominee Indian Reservation,Wisconsin,North America,Bradshaw 1985,Linear regression,none?,n,
17,,Ulmus,Elm,0.74,0.04,No reference,Menominee Indian Reservation,Wisconsin,North America,Bradshaw 1985,Linear regression,none?,n,
17,,Fagus,Beech,0.63,0.08,No reference,Menominee Indian Reservation,Wisconsin,North America,Bradshaw 1985,Linear regression,none?,n,
17,,Acer,Maple,0.28,0.03,No reference,Menominee Indian Reservation,Wisconsin,North America,Bradshaw 1985,Linear regression,none?,n,
18,,Acer rubrum,Maple,0.22,0.04,No reference,New England & Northern New York,North-Eastern US,North America,Jackson 1990,Linear regression,none?,n,Regression slopes for both regions provided individually. If these values are useful we can add them.
18,,Picea,Spruce,0.81,0.15,No reference,New England & Northern New York,North-Eastern US,North America,Jackson 1990,Linear regression,none?,n,Regression slopes alse available for different sources areas.
18,,Tsuga,Hemlock,0.78,0.11,No reference,New England & Northern New York,North-Eastern US,North America,Jackson 1990,Linear regression,none?,n,
18,,Fagus,Beech,0.43,0.04,No reference,New England & Northern New York,North-Eastern US,North America,Jackson 1990,Linear regression,none?,n,
18,,Quercus,Oak,0.83,0.03,No reference,New England & Northern New York,North-Eastern US,North America,Jackson 1990,Linear regression,none?,n,
18,,Pinus,Pine,0.59,0.12,No reference,New England & Northern New York,North-Eastern US,North America,Jackson 1990,Linear regression,none?,n,
18,,Betula,Birch,1.96,0.19,No reference,New England & Northern New York,North-Eastern US,North America,Jackson 1990,Linear regression,none?,n,
19,Balsam fir,Abies balsamea,Fir,1.47,0.38,Birch,Southeastern Quebec,Quebec,North America,Chaput & Gajewski (in prep),ERV submodel 2,inverse distance,y,
19,"Black maple, Striped maple, Red maple, Silver maple, Sugar maple, Mountain maple","Acer nigrum, Acer pensylvanicum, Acer rubrum, Acer saccharinum, Acer saccharum, Acer spicatum ",Maple,0.29,0.03,Birch,Southeastern Quebec,Quebec,North America,Chaput & Gajewski (in prep),ERV submodel 2,inverse distance,y,
19,American beech,Fagus grandifolia,Beech,7.19,1.52,Birch,Southeastern Quebec,Quebec,North America,Chaput & Gajewski (in prep),ERV submodel 2,inverse distance,y,
19,"White spruce, Black spruce, Red spruce","Picea glauca, Picea mariana, Picea rubens",Spruce,0.6,0.16,Birch,Southeastern Quebec,Quebec,North America,Chaput & Gajewski (in prep),ERV submodel 2,inverse distance,y,
19,"Balsam poplar, American aspen, Quaking aspen","Populus balsamifera, Populus grandidentata, Populus tremuloides",Poplar,0.11,0.15,Birch,Southeastern Quebec,Quebec,North America,Chaput & Gajewski (in prep),ERV submodel 2,inverse distance,y,
19,"White oak, Bur oak, Northern Red oak","Quercus alba, Quercus macrocarpa, Quercus rubra",Oak,3.28,0.35,Birch,Southeastern Quebec,Quebec,North America,Chaput & Gajewski (in prep),ERV submodel 2,inverse distance,y,
19,Eastern hemlock,Tsuga canadensis,Hemlock,17.14,1.64,Birch,Southeastern Quebec,Quebec,North America,Chaput & Gajewski (in prep),ERV submodel 2,inverse distance,y,
19,,,Birch,1,0,Birch,Southeastern Quebec,Quebec,North America,Chaput & Gajewski (in prep),ERV submodel 2,inverse distance,y,
20,Balsam fir,Abies balsamea,Fir,2.53,3,Birch,Southeastern Quebec,Quebec,North America,Chaput & Gajewski (in prep),ERV submodel 3,inverse distance,n,
20,"Black maple, Striped maple, Red maple, Silver maple, Sugar maple, Mountain maple","Acer nigrum, Acer pensylvanicum, Acer rubrum, Acer saccharinum, Acer saccharum, Acer spicatum ",Maple,0.18,0.04,Birch,Southeastern Quebec,Quebec,North America,Chaput & Gajewski (in prep),ERV submodel 3,inverse distance,n,
20,American beech,Fagus grandifolia,Beech,4.22,1.84,Birch,Southeastern Quebec,Quebec,North America,Chaput & Gajewski (in prep),ERV submodel 3,inverse distance,n,
20,"White spruce, Black spruce, Red spruce","Picea glauca, Picea mariana, Picea rubens",Spruce,0.46,0.14,Birch,Southeastern Quebec,Quebec,North America,Chaput & Gajewski (in prep),ERV submodel 3,inverse distance,n,
20,"Balsam poplar, American aspen, Quaking aspen","Populus balsamifera, Populus grandidentata, Populus tremuloides",Poplar,0.09,0.08,Birch,Southeastern Quebec,Quebec,North America,Chaput & Gajewski (in prep),ERV submodel 3,inverse distance,n,
20,"White oak, Bur oak, Northern Red oak","Quercus alba, Quercus macrocarpa, Quercus rubra",Oak,1.72,0.44,Birch,Southeastern Quebec,Quebec,North America,Chaput & Gajewski (in prep),ERV submodel 3,inverse distance,n,
20,Eastern hemlock,Tsuga canadensis,Hemlock,10.94,2.95,Birch,Southeastern Quebec,Quebec,North America,Chaput & Gajewski (in prep),ERV submodel 3,inverse distance,n,
20,,,Birch,1,0,Birch,Southeastern Quebec,Quebec,North America,Chaput & Gajewski (in prep),ERV submodel 3,inverse distance,n,
21,,Betula,Birch,3.35,0.04,Cyperaceae,Denali,Alaska,North America,Hopla & Edwards,ERV model 1,Sutton-Prentice,n,
21,,Salix,Willow,0.33,0.01,Cyperaceae,Denali,Alaska,North America,Hopla & Edwards,ERV model 1,Sutton-Prentice,n,
21,,Ericaceae,Heather,0.63,0.01,Cyperaceae,Denali,Alaska,North America,Hopla & Edwards,ERV model 1,Sutton-Prentice,n,
21,,Poaceae,Grass,0.81,0.01,Cyperaceae,Denali,Alaska,North America,Hopla & Edwards,ERV model 1,Sutton-Prentice,n,
21,,Cyperaceae,Sedge,1,0,Cyperaceae,Denali,Alaska,North America,Hopla & Edwards,ERV model 1,Sutton-Prentice,n,
22,,Betula,Birch,5.81,0.03,Cyperaceae,Denali,Alaska,North America,Hopla & Edwards,ERV model 1,inverse distance,n,
22,,Salix,Willow,0.59,0,Cyperaceae,Denali,Alaska,North America,Hopla & Edwards,ERV model 1,inverse distance,n,
22,,Ericaceae,Heather,0.7,0,Cyperaceae,Denali,Alaska,North America,Hopla & Edwards,ERV model 1,inverse distance,n,
22,,Poaceae,Grass,1.16,0.01,Cyperaceae,Denali,Alaska,North America,Hopla & Edwards,ERV model 1,inverse distance,n,
22,,Cyperaceae,Sedge,1,0,Cyperaceae,Denali,Alaska,North America,Hopla & Edwards,ERV model 1,inverse distance,n,
23,,Betula,Birch,5.42,1.38,Cyperaceae,Forest,Alaska,North America,Hopla & Edwards,ERV model 1,Sutton-Prentice,n,
23,,Salix,Willow,0.26,0.05,Cyperaceae,Forest,Alaska,North America,Hopla & Edwards,ERV model 1,Sutton-Prentice,n,
23,,Alnus,Alder,1.33,0.15,Cyperaceae,Forest,Alaska,North America,Hopla & Edwards,ERV model 1,Sutton-Prentice,n,
23,,Picea,Spruce,1,0,Cyperaceae,Forest,Alaska,North America,Hopla & Edwards,ERV model 1,Sutton-Prentice,n,
23,,Populus,Poplar,0.06,0.01,Cyperaceae,Forest,Alaska,North America,Hopla & Edwards,ERV model 1,Sutton-Prentice,n,
23,,Poaceae,Grass,0.11,0.11,Cyperaceae,Forest,Alaska,North America,Hopla & Edwards,ERV model 1,Sutton-Prentice,n,
24,,Betula,Birch,9.02,0.07,Cyperaceae,Denali,Alaska,North America,Hopla & Edwards,ERV model 2,Sutton-Prentice,n,
24,,Salix,Willow,0.51,0,Cyperaceae,Denali,Alaska,North America,Hopla & Edwards,ERV model 2,Sutton-Prentice,n,
24,,Ericaceae,Heather,0.61,0.01,Cyperaceae,Denali,Alaska,North America,Hopla & Edwards,ERV model 2,Sutton-Prentice,n,
24,,Poaceae,Grass,0.91,0.01,Cyperaceae,Denali,Alaska,North America,Hopla & Edwards,ERV model 2,Sutton-Prentice,n,
24,,Cyperaceae,Sedge,1,0,Cyperaceae,Denali,Alaska,North America,Hopla & Edwards,ERV model 2,Sutton-Prentice,n,
25,,Betula,Birch,10.65,0.04,Cyperaceae,Denali,Alaska,North America,Hopla & Edwards,ERV model 2,inverse distance,n,
25,,Salix,Willow,0.49,0,Cyperaceae,Denali,Alaska,North America,Hopla & Edwards,ERV model 2,inverse distance,n,
25,,Ericaceae,Heather,0,0,Cyperaceae,Denali,Alaska,North America,Hopla & Edwards,ERV model 2,inverse distance,n,
25,,Poaceae,Grass,0.91,0.01,Cyperaceae,Denali,Alaska,North America,Hopla & Edwards,ERV model 2,inverse distance,n,
25,,Cyperaceae,Sedge,1,0,Cyperaceae,Denali,Alaska,North America,Hopla & Edwards,ERV model 2,inverse distance,n,
26,,Betula,Birch,3.85,0.47,Cyperaceae,Forest,Alaska,North America,Hopla & Edwards,ERV model 2,Sutton-Prentice,n,
26,,Salix,Willow,0.27,0.04,Cyperaceae,Forest,Alaska,North America,Hopla & Edwards,ERV model 2,Sutton-Prentice,n,
26,,Alnus,Alder,1.16,0.1,Cyperaceae,Forest,Alaska,North America,Hopla & Edwards,ERV model 2,Sutton-Prentice,n,
26,,Picea,Spruce,1,0,Cyperaceae,Forest,Alaska,North America,Hopla & Edwards,ERV model 2,Sutton-Prentice,n,
26,,Populus,Poplar,0.05,0,Cyperaceae,Forest,Alaska,North America,Hopla & Edwards,ERV model 2,Sutton-Prentice,n,
26,,Poaceae,Grass,0.28,0.21,Cyperaceae,Forest,Alaska,North America,Hopla & Edwards,ERV model 2,Sutton-Prentice,n,
27,,Betula,Birch,8.98,0.07,Cyperaceae,Denali,Alaska,North America,Hopla & Edwards,ERV model 3,Sutton-Prentice,n,
27,,Salix,Willow,0.64,0.01,Cyperaceae,Denali,Alaska,North America,Hopla & Edwards,ERV model 3,Sutton-Prentice,n,
27,,Ericaceae,Heather,0,0,Cyperaceae,Denali,Alaska,North America,Hopla & Edwards,ERV model 3,Sutton-Prentice,n,
27,,Poaceae,Grass,0.9,0.01,Cyperaceae,Denali,Alaska,North America,Hopla & Edwards,ERV model 3,Sutton-Prentice,n,
27,,Cyperaceae,Sedge,1,0,Cyperaceae,Denali,Alaska,North America,Hopla & Edwards,ERV model 3,Sutton-Prentice,n,
28,,Betula,Birch,10.95,0.02,Cyperaceae,Denali,Alaska,North America,Hopla & Edwards,ERV model 3,inverse distance,y,
28,,Salix,Willow,0.58,0,Cyperaceae,Denali,Alaska,North America,Hopla & Edwards,ERV model 3,inverse distance,y,
28,,Ericaceae,Heather,0.53,0,Cyperaceae,Denali,Alaska,North America,Hopla & Edwards,ERV model 3,inverse distance,y,
28,,Poaceae,Grass,1,0.07,Cyperaceae,Denali,Alaska,North America,Hopla & Edwards,ERV model 3,inverse distance,y,
28,,Cyperaceae,Sedge,1,0,Cyperaceae,Denali,Alaska,North America,Hopla & Edwards,ERV model 3,inverse distance,y,
29,,Betula,Birch,3.12,0.44,Cyperaceae,Forest,Alaska,North America,Hopla & Edwards,ERV model 3,Sutton-Prentice,y,
29,,Salix,Willow,0.24,0.04,Cyperaceae,Forest,Alaska,North America,Hopla & Edwards,ERV model 3,Sutton-Prentice,y,
29,,Alnus,Alder,0.96,0.12,Cyperaceae,Forest,Alaska,North America,Hopla & Edwards,ERV model 3,Sutton-Prentice,y,
29,,Picea,Spruce,1,0,Cyperaceae,Forest,Alaska,North America,Hopla & Edwards,ERV model 3,Sutton-Prentice,y,
29,,Populus,Poplar,0.04,0,Cyperaceae,Forest,Alaska,North America,Hopla & Edwards,ERV model 3,Sutton-Prentice,y,
29,,Poaceae,Grass,0.36,0.18,Cyperaceae,Forest,Alaska,North America,Hopla & Edwards,ERV model 3,Sutton-Prentice,y,
